id,name,company_name,email,first_touch_channel,last_touch_channel
1,Elwira O'Cannovane,Macejkovic-Von,eocannovane0@stumbleupon.com,channel1,channel2
2,Bidget Cundict,Greenfelder-Stiedemann,bcundict1@devhub.com,channel4,channel1
3,Tymon Gobolos,Gibson and Sons,tgobolos2@over-blog.com,channel5,channel2
4,Dougie Scawen,Collier-Schoen,dscawen3@businessinsider.com,channel3,channel3
5,Max Rowson,Mueller LLC,mrowson4@squarespace.com,channel1,channel4
6,Kattie Gisburne,Koelpin Inc,kgisburne5@mail.ru,channel2,channel2
7,Regan Lappin,Orn-Bayer,rlappin6@sitemeter.com,channel4,channel2
8,Pieter Jerrold,Botsford-Bergstrom,pjerrold7@businessinsider.com,channel2,channel1
9,Silva Bielefeld,"Nolan, Homenick and Bosco",sbielefeld8@aboutads.info,channel2,channel1
10,Alaric Tomich,"Bahringer, Brown and Grimes",atomich9@themeforest.net,channel2,channel2
11,Noach MacDiarmid,"Kovacek, Little and Schinner",nmacdiarmida@prweb.com,channel5,channel5
12,Doria Torricella,"Kub, Jones and Rau",dtorricellab@artisteer.com,channel5,channel4
13,Celle Burriss,Brown Inc,cburrissc@linkedin.com,channel5,channel2
14,Madel Keesman,Hegmann and Sons,mkeesmand@intel.com,channel1,channel5
15,Malinde Heinz,"Romaguera, Orn and Gulgowski",mheinze@seesaa.net,channel3,channel1
16,Lavina Antonov,"Wunsch, Hintz and Turcotte",lantonovf@ow.ly,channel3,channel3
17,Gertrud Linneman,Runolfsdottir-Dibbert,glinnemang@adobe.com,channel1,channel3
18,Felicio Gaunson,Cole-Kovacek,fgaunsonh@google.com.au,channel3,channel2
19,Shaine McMurdo,"Emmerich, Will and Corwin",smcmurdoi@businesswire.com,channel1,channel2
20,Sheilah Reeme,Moen-Franecki,sreemej@weather.com,channel5,channel4
21,Byrom Bowditch,Cummings-Davis,bbowditchk@google.cn,channel2,channel4
22,Coleen Meers,Altenwerth Group,cmeersl@unblog.fr,channel3,channel5
23,Si Sarge,Russel-Kihn,ssargem@accuweather.com,channel4,channel4
24,Brana Cummungs,"Gerhold, Douglas and Schiller",bcummungsn@dell.com,channel1,channel4
25,Bunni MacBrearty,Lindgren-Schuster,bmacbreartyo@blinklist.com,channel4,channel2
26,Flossy Benzing,Hauck LLC,fbenzingp@plala.or.jp,channel2,channel3
27,Lindsay Rolfs,"Treutel, Runte and Lynch",lrolfsq@go.com,channel3,channel5
28,Reinhold Sloyan,"Hane, Kohler and Schimmel",rsloyanr@yellowbook.com,channel3,channel1
29,Julissa Imbrey,Mertz Inc,jimbreys@t-online.de,channel1,channel2
30,Pat Ales,Rempel-Bahringer,palest@symantec.com,channel1,channel4
31,Desiri Diviney,Lynch Inc,ddivineyu@fastcompany.com,channel1,channel4
32,Tybalt Blacklawe,Haley-Bosco,tblacklawev@ebay.com,channel3,channel3
33,Jaye Coulston,"Osinski, Toy and Yost",jcoulstonw@google.fr,channel2,channel5
34,Eugenius Densham,King-Crona,edenshamx@yolasite.com,channel3,channel2
35,Daveen Giovannardi,Vandervort-Jakubowski,dgiovannardiy@cornell.edu,channel2,channel1
36,Kenna Beiderbeck,Abernathy-McCullough,kbeiderbeckz@foxnews.com,channel5,channel4
37,Lacy Fryman,Torp and Sons,lfryman10@blogspot.com,channel5,channel3
38,Tanny Wilcher,"Huel, Mraz and Kutch",twilcher11@163.com,channel3,channel2
39,Lanette Wardle,"Swift, Torp and Homenick",lwardle12@creativecommons.org,channel4,channel4
40,Debera Benyon,Sawayn LLC,dbenyon13@homestead.com,channel2,channel2
41,Tito Stanworth,Heaney-Christiansen,tstanworth14@bigcartel.com,channel4,channel1
42,Clemmie Colleford,"Raynor, Reilly and Ebert",ccolleford15@tmall.com,channel2,channel5
43,Dasha Corless,"Wehner, Mosciski and Hane",dcorless16@huffingtonpost.com,channel1,channel1
44,Gaelan Licence,Goyette LLC,glicence17@patch.com,channel3,channel4
45,Yurik Illidge,Brown-Funk,yillidge18@shop-pro.jp,channel1,channel3
46,Gerty Kingswood,Morar LLC,gkingswood19@bloglines.com,channel5,channel5
47,Estelle McCartney,Fisher Group,emccartney1a@adobe.com,channel4,channel5
48,Abigael Scarasbrick,Heidenreich-Weimann,ascarasbrick1b@biblegateway.com,channel2,channel2
49,Leda Bentje,"Collier, Rogahn and Miller",lbentje1c@telegraph.co.uk,channel4,channel1
50,Jerald Slevin,Gleichner Inc,jslevin1d@ovh.net,channel5,channel2
51,Brietta Priel,Schaefer-Wiegand,bpriel1e@ucoz.ru,channel5,channel2
52,Myriam Baggally,Buckridge-Fay,mbaggally1f@t-online.de,channel1,channel5
53,Jannelle Rex,"Oberbrunner, Wyman and Green",jrex1g@npr.org,channel3,channel5
54,Genovera Dowse,Champlin-Rempel,gdowse1h@mapy.cz,channel1,channel1
55,Orly O'Crevy,Hickle-Schoen,oocrevy1i@trellian.com,channel4,channel2
56,Patrizio Oppy,Stehr Group,poppy1j@un.org,channel5,channel1
57,Katherina Headingham,Ratke-Kozey,kheadingham1k@odnoklassniki.ru,channel3,channel3
58,Gottfried Arpin,"Doyle, Shields and Bartell",garpin1l@sciencedirect.com,channel1,channel4
59,Kirk Steventon,"Metz, Price and Stehr",ksteventon1m@cyberchimps.com,channel2,channel3
60,Boothe Harborow,Larson LLC,bharborow1n@vinaora.com,channel3,channel1
61,Dorelia Crosen,Koss and Sons,dcrosen1o@aboutads.info,channel3,channel2
62,Anet Cattle,"Renner, Cronin and Batz",acattle1p@ucla.edu,channel5,channel2
63,Raleigh D'Elia,Purdy Inc,rdelia1q@hhs.gov,channel1,channel1
64,Amalea Heister,"Lueilwitz, Witting and Bogisich",aheister1r@forbes.com,channel2,channel3
65,Jaclyn Januszewski,Prohaska LLC,jjanuszewski1s@printfriendly.com,channel2,channel2
66,Tarrance Leng,Schoen and Sons,tleng1t@com.com,channel4,channel2
67,Burk Cafe,King-Bashirian,bcafe1u@merriam-webster.com,channel3,channel1
68,Layne Cassels,Crona-Bailey,lcassels1v@prweb.com,channel4,channel4
69,Toinette Sheffield,Hintz and Sons,tsheffield1w@github.com,channel3,channel4
70,Terrill Kinver,"Rodriguez, Terry and Lynch",tkinver1x@myspace.com,channel1,channel3
71,Michaella Lowdeane,Schuster-Breitenberg,mlowdeane1y@apache.org,channel2,channel2
72,Darcey Jiru,Stokes and Sons,djiru1z@google.com,channel1,channel2
73,Ibbie Deverille,"Walsh, Bernhard and Botsford",ideverille20@aboutads.info,channel5,channel5
74,Kellsie Drought,Goodwin-Gusikowski,kdrought21@paypal.com,channel2,channel1
75,Bren Manz,"Fahey, Skiles and Dietrich",bmanz22@jiathis.com,channel3,channel1
76,Ansell Kenwin,Rice and Sons,akenwin23@de.vu,channel2,channel4
77,Ferdie Hazeldean,Fadel-Nolan,fhazeldean24@businessinsider.com,channel4,channel4
78,Roxane Boundy,Walter-Rippin,rboundy25@discovery.com,channel5,channel5
79,Celene Ianizzi,"Douglas, Schamberger and Marquardt",cianizzi26@tumblr.com,channel4,channel5
80,Gregory Fellona,O'Conner-Kertzmann,gfellona27@twitpic.com,channel5,channel1
81,Evvy Minguet,Schowalter Group,eminguet28@arstechnica.com,channel2,channel4
82,Annice Parkey,"Willms, Klocko and Terry",aparkey29@bigcartel.com,channel2,channel2
83,Else Withrington,Streich-Wolf,ewithrington2a@google.ca,channel5,channel3
84,Darbie Pendered,"Boyer, Gulgowski and Hauck",dpendered2b@miitbeian.gov.cn,channel4,channel3
85,Karee Biernat,Cronin-Batz,kbiernat2c@telegraph.co.uk,channel5,channel4
86,Catha Mussalli,Friesen-Sipes,cmussalli2d@de.vu,channel2,channel5
87,Danyelle Zorro,"Wunsch, Lang and Cormier",dzorro2e@google.com.br,channel3,channel5
88,Alicia Grimsditch,"Batz, Balistreri and Carter",agrimsditch2f@si.edu,channel3,channel1
89,Vanda Bartell,Walker Inc,vbartell2g@tinypic.com,channel2,channel3
90,Karlen Campsall,Wolf LLC,kcampsall2h@webeden.co.uk,channel2,channel5
91,Arluene Mainson,Wisoky-Fay,amainson2i@foxnews.com,channel4,channel2
92,Cord Dilston,Russel-Rempel,cdilston2j@unesco.org,channel2,channel5
93,Aurelia Skittrell,"Morar, Smitham and Simonis",askittrell2k@geocities.com,channel2,channel3
94,Donetta Mullord,"Schaefer, Durgan and Hermann",dmullord2l@marriott.com,channel2,channel2
95,Edeline Jerratsch,Kuvalis-Bins,ejerratsch2m@geocities.com,channel2,channel2
96,Stephannie O'Shiels,"Becker, Fahey and Olson",soshiels2n@mac.com,channel5,channel3
97,Josefa McVeagh,Hegmann-Hammes,jmcveagh2o@mediafire.com,channel3,channel3
98,Vallie Doblin,Crona Inc,vdoblin2p@state.gov,channel5,channel2
99,Neall Moir,"Beer, Halvorson and Wehner",nmoir2q@themeforest.net,channel3,channel5
100,Leann Digle,Littel and Sons,ldigle2r@netscape.com,channel5,channel1
101,Findley Keepe,Willms LLC,fkeepe2s@eventbrite.com,channel4,channel3
102,Anstice Kennett,Stokes and Sons,akennett2t@dropbox.com,channel4,channel4
103,Taddeo Deware,Jacobi-Watsica,tdeware2u@webmd.com,channel4,channel3
104,Kaia Sinnie,Schmeler-Bogisich,ksinnie2v@sogou.com,channel4,channel5
105,Saul Duinkerk,Lakin LLC,sduinkerk2w@bloglovin.com,channel4,channel1
106,Sophi Jadczak,Kling-Aufderhar,sjadczak2x@home.pl,channel3,channel4
107,Camilla Poolton,Mann-Howell,cpoolton2y@examiner.com,channel4,channel5
108,Patty Beavors,Windler and Sons,pbeavors2z@squarespace.com,channel2,channel3
109,Muriel Swanston,Davis Group,mswanston30@instagram.com,channel5,channel1
110,Pace Iacobacci,Bechtelar-Mills,piacobacci31@whitehouse.gov,channel3,channel5
111,Gare Aisman,Feil-Lesch,gaisman32@google.co.jp,channel1,channel2
112,Spike Fowgies,Hudson-Bergstrom,sfowgies33@microsoft.com,channel5,channel4
113,Rebecka Fairlaw,MacGyver-Wiza,rfairlaw34@hexun.com,channel4,channel2
114,Modesty Cloonan,"Stracke, Leffler and Hessel",mcloonan35@japanpost.jp,channel4,channel4
115,Lorri Giovannelli,"Mayert, Carter and Schamberger",lgiovannelli36@goo.gl,channel2,channel3
116,Akim Mein,Leffler-Rosenbaum,amein37@wunderground.com,channel1,channel3
117,Neal Brandenburg,Becker LLC,nbrandenburg38@hao123.com,channel2,channel4
118,Horatia Keemer,Nolan LLC,hkeemer39@simplemachines.org,channel1,channel3
119,Hynda Jansen,Koch-Bradtke,hjansen3a@wikia.com,channel4,channel5
120,Krissie MacIlwrick,Shanahan-Ferry,kmacilwrick3b@reuters.com,channel2,channel1
121,Clair Garnall,Jaskolski-Koch,cgarnall3c@netlog.com,channel3,channel2
122,Marie-jeanne Godball,"Romaguera, Stiedemann and White",mgodball3d@jigsy.com,channel4,channel4
123,Rosella Manneville,"Dietrich, Crona and Lemke",rmanneville3e@walmart.com,channel5,channel5
124,Chic Taberner,Miller-Walter,ctaberner3f@jugem.jp,channel3,channel5
125,Seymour Lerohan,Dach-King,slerohan3g@ask.com,channel2,channel3
126,Johannah Fancutt,Greenholt LLC,jfancutt3h@usatoday.com,channel2,channel3
127,Nolie Hewins,"Erdman, Macejkovic and Considine",nhewins3i@soundcloud.com,channel3,channel1
128,Tobye Gateland,"Gutmann, Bergstrom and Cole",tgateland3j@google.com.au,channel2,channel3
129,Cobby Yerrill,"Reichel, Marvin and Pollich",cyerrill3k@gnu.org,channel1,channel1
130,Alexandro Leahey,"Gutmann, Schowalter and Bode",aleahey3l@cyberchimps.com,channel5,channel1
131,Alasteir Greeno,"Wilderman, Bogisich and Hane",agreeno3m@pagesperso-orange.fr,channel2,channel3
132,Nikaniki Paramor,"Kuhn, Pagac and Reynolds",nparamor3n@w3.org,channel4,channel2
133,Rasla Cino,Kohler and Sons,rcino3o@umich.edu,channel4,channel1
134,Reinwald Sier,Schiller-Schowalter,rsier3p@cdbaby.com,channel2,channel5
135,Merl Meriton,Miller Inc,mmeriton3q@shareasale.com,channel3,channel3
136,Knox Thynne,Runolfsdottir-McKenzie,kthynne3r@opensource.org,channel3,channel3
137,Betteann Wabersinke,Mueller and Sons,bwabersinke3s@ox.ac.uk,channel4,channel1
138,Lucais Longstreeth,Kshlerin-Fay,llongstreeth3t@berkeley.edu,channel2,channel2
139,Junie Simmings,"Bode, Littel and Parisian",jsimmings3u@dropbox.com,channel4,channel2
140,Vassili Iddons,"Reinger, Crona and Kilback",viddons3v@ft.com,channel1,channel1
141,Daniela Romei,"Bauch, Swift and Walter",dromei3w@dyndns.org,channel2,channel5
142,Bonnie Loreit,Predovic Inc,bloreit3x@shareasale.com,channel5,channel3
143,Adair Argo,"Berge, Wilderman and Hoeger",aargo3y@princeton.edu,channel1,channel3
144,Harmonie Stallibrass,Pfeffer Inc,hstallibrass3z@washington.edu,channel3,channel4
145,Guenevere Fogel,Rolfson and Sons,gfogel40@issuu.com,channel3,channel4
146,Ray Sahnow,Heaney Group,rsahnow41@ustream.tv,channel3,channel2
147,Frank Raphael,Graham Group,fraphael42@msn.com,channel4,channel3
148,Florella Weatherburn,"Simonis, Wisozk and D'Amore",fweatherburn43@jiathis.com,channel2,channel3
149,Vlad Duckels,Kutch-Tremblay,vduckels44@pagesperso-orange.fr,channel3,channel1
150,Rubetta Daltrey,Ondricka and Sons,rdaltrey45@rakuten.co.jp,channel1,channel4
151,Baryram Schowenburg,Beer-Torphy,bschowenburg46@shinystat.com,channel2,channel4
152,Bren Storah,Graham Inc,bstorah47@statcounter.com,channel3,channel1
153,Janene Campe,Leannon-Hessel,jcampe48@spotify.com,channel1,channel5
154,Billye Woolvin,"Strosin, Keeling and Hackett",bwoolvin49@sbwire.com,channel4,channel5
155,Davy Mattessen,"Gleichner, Daniel and Rodriguez",dmattessen4a@imageshack.us,channel2,channel5
156,Vladimir Bax,Haag LLC,vbax4b@si.edu,channel3,channel5
157,Shannen Camber,"Collins, Paucek and Turcotte",scamber4c@goo.ne.jp,channel2,channel5
158,Broderic Woodroff,"Weissnat, Dickinson and Bins",bwoodroff4d@salon.com,channel2,channel5
159,Vinny Calkin,Kuphal LLC,vcalkin4e@imgur.com,channel1,channel1
160,Boothe Kelso,"Armstrong, Bogan and Hansen",bkelso4f@woothemes.com,channel4,channel3
161,Amitie Ginnell,"Morar, Kuhn and Langosh",aginnell4g@cloudflare.com,channel4,channel2
162,Candace O'Canavan,Mitchell and Sons,cocanavan4h@twitpic.com,channel2,channel2
163,Hyacinthia Di Iorio,"West, Schumm and Yost",hdi4i@microsoft.com,channel3,channel2
164,Sheila Goldsbury,Feest-Ryan,sgoldsbury4j@i2i.jp,channel5,channel3
165,Gladi Gouny,Daugherty Group,ggouny4k@stanford.edu,channel1,channel2
166,Gaspard Meatcher,Harvey-Schmitt,gmeatcher4l@dmoz.org,channel5,channel2
167,Colby Shepherd,Tremblay-Klein,cshepherd4m@tripod.com,channel4,channel1
168,Cora Trye,Rohan LLC,ctrye4n@paypal.com,channel3,channel4
169,Leroy Athelstan,"Rutherford, Hettinger and Stiedemann",lathelstan4o@sfgate.com,channel3,channel5
170,Gilli Newberry,Pollich-Hauck,gnewberry4p@rediff.com,channel1,channel5
171,Harald Mityakov,Rogahn and Sons,hmityakov4q@cnbc.com,channel2,channel1
172,Gabriele Florey,"Mayert, Emard and Towne",gflorey4r@issuu.com,channel1,channel1
173,Johan Kenway,Bernier Inc,jkenway4s@elegantthemes.com,channel5,channel1
174,Gerhardine Bridgwood,"Klein, King and Smith",gbridgwood4t@abc.net.au,channel1,channel3
175,Florenza Iddenden,"Pfannerstill, Smith and O'Conner",fiddenden4u@apache.org,channel3,channel1
176,Penrod Baldry,"Stehr, King and Hoppe",pbaldry4v@google.fr,channel2,channel2
177,Carlynne Quarton,Johnson-Stark,cquarton4w@unicef.org,channel3,channel5
178,Celie Gibbard,Jakubowski Group,cgibbard4x@comsenz.com,channel3,channel4
179,Bel Larrington,"Deckow, Bins and Waelchi",blarrington4y@slate.com,channel5,channel5
180,Candra McCadden,Hills LLC,cmccadden4z@statcounter.com,channel1,channel3
181,Nata Jahan,Mosciski-Johnston,njahan50@cocolog-nifty.com,channel1,channel5
182,Isabelita Enoksson,Stroman Inc,ienoksson51@elegantthemes.com,channel3,channel4
183,Lonee Childerley,Farrell-Wunsch,lchilderley52@clickbank.net,channel2,channel5
184,Cathyleen Thrower,Denesik Group,cthrower53@homestead.com,channel5,channel4
185,Colly Antosch,Schaden-DuBuque,cantosch54@zimbio.com,channel2,channel1
186,Haze Corbridge,"Schmeler, Johnston and Goyette",hcorbridge55@phpbb.com,channel2,channel4
187,Matthaeus Probin,Adams-Cummerata,mprobin56@creativecommons.org,channel5,channel1
188,Aveline Kimble,Simonis LLC,akimble57@epa.gov,channel2,channel5
189,Richie Goldberg,Daniel-Lindgren,rgoldberg58@friendfeed.com,channel5,channel3
190,Wendye Beauchop,Hauck LLC,wbeauchop59@irs.gov,channel3,channel2
191,Thomasine Dosdell,"Bayer, Terry and Ledner",tdosdell5a@techcrunch.com,channel1,channel5
192,Theressa Purvis,Luettgen-Trantow,tpurvis5b@springer.com,channel4,channel2
193,Devondra Miklem,"Bins, Thiel and Farrell",dmiklem5c@sun.com,channel2,channel3
194,Berry Videan,Halvorson-Keeling,bvidean5d@dagondesign.com,channel3,channel2
195,Deana Toxell,"Nicolas, Tremblay and Wisoky",dtoxell5e@moonfruit.com,channel4,channel1
196,Jobey Ainley,Gorczany-Senger,jainley5f@bizjournals.com,channel5,channel3
197,Findley Regenhardt,Herzog-Bernhard,fregenhardt5g@fc2.com,channel4,channel5
198,Pennie Kopfer,"Schaefer, Turner and Kihn",pkopfer5h@yellowbook.com,channel4,channel5
199,Davin Attyeo,Hamill-Graham,dattyeo5i@seesaa.net,channel5,channel2
200,Paten Abbyss,"Balistreri, Collins and Hayes",pabbyss5j@si.edu,channel1,channel3
201,Matthew Roskam,Quitzon-Schoen,mroskam5k@gmpg.org,channel3,channel2
202,Ariella Izod,"Bruen, Lang and Hermann",aizod5l@cdc.gov,channel3,channel3
203,Herta Blofeld,Leffler-Emard,hblofeld5m@sbwire.com,channel3,channel5
204,Creighton Mc Corley,"Gutmann, Doyle and Goyette",cmc5n@oaic.gov.au,channel4,channel1
205,Jorrie Height,"Koepp, Kozey and Wintheiser",jheight5o@hostgator.com,channel5,channel4
206,Hobart MacCarter,Wisozk-Rowe,hmaccarter5p@yelp.com,channel2,channel2
207,Sidney Bolsteridge,Nitzsche Group,sbolsteridge5q@joomla.org,channel3,channel1
208,Dermot Oboy,"Quitzon, Prohaska and Quigley",doboy5r@altervista.org,channel3,channel3
209,Ransell Boardman,Kunze and Sons,rboardman5s@flickr.com,channel3,channel4
210,Sophi Clapton,Hansen-Marks,sclapton5t@shutterfly.com,channel5,channel3
211,Christoph Scullion,Lynch Inc,cscullion5u@tripod.com,channel3,channel5
212,Cosme Worts,"O'Conner, Farrell and Spencer",cworts5v@independent.co.uk,channel4,channel5
213,Gwenny Torns,Jaskolski-Champlin,gtorns5w@altervista.org,channel5,channel5
214,Ariela Castle,Nitzsche-Rath,acastle5x@pbs.org,channel3,channel4
215,Cheston Whitta,"Gibson, Kertzmann and Wunsch",cwhitta5y@mediafire.com,channel4,channel5
216,Kale Cicchitello,"Brakus, Krajcik and Champlin",kcicchitello5z@topsy.com,channel3,channel4
217,Skippy Duffree,Waelchi Inc,sduffree60@quantcast.com,channel5,channel4
218,Jilleen Pirouet,Beier LLC,jpirouet61@over-blog.com,channel4,channel5
219,Catlaina Fathers,"McDermott, Fahey and Klein",cfathers62@wordpress.org,channel3,channel1
220,Antone Regnard,Murphy-Goldner,aregnard63@sohu.com,channel4,channel2
221,Karlie Fawloe,Vandervort Group,kfawloe64@spotify.com,channel3,channel2
222,Hernando Sedcole,"Mertz, Donnelly and White",hsedcole65@forbes.com,channel3,channel3
223,Dugald Hurtic,Stiedemann-Kihn,dhurtic66@cloudflare.com,channel2,channel4
224,Heddie Todeo,"Torp, Gorczany and Mills",htodeo67@desdev.cn,channel2,channel2
225,Flora Crighten,Osinski LLC,fcrighten68@yelp.com,channel2,channel2
226,Freda Ferrarini,Gibson-Raynor,fferrarini69@yelp.com,channel3,channel4
227,Bordie Phin,Schaefer Group,bphin6a@imageshack.us,channel5,channel3
228,Hendrika Duetschens,Lehner LLC,hduetschens6b@aboutads.info,channel4,channel3
229,Julio Ashleigh,Schoen-Walker,jashleigh6c@edublogs.org,channel2,channel5
230,Cornelle O'Cannavan,Schimmel-Osinski,cocannavan6d@ibm.com,channel4,channel3
231,Pippy Bompass,Goyette and Sons,pbompass6e@dot.gov,channel2,channel5
232,Matty Heinzel,"Huels, Nikolaus and Russel",mheinzel6f@hibu.com,channel3,channel3
233,Siffre Mitro,Legros Group,smitro6g@godaddy.com,channel1,channel2
234,Shirlee Scardifield,Erdman Group,sscardifield6h@networksolutions.com,channel2,channel3
235,Maybelle Symmons,Sawayn LLC,msymmons6i@uol.com.br,channel2,channel1
236,Harriet Muckeen,Schneider Group,hmuckeen6j@discuz.net,channel4,channel1
237,Micheline Patters,"Grant, West and Lowe",mpatters6k@microsoft.com,channel4,channel2
238,Tallie Hornung,Ratke-Schaefer,thornung6l@pbs.org,channel5,channel2
239,Elberta Craydon,Harris-Kunde,ecraydon6m@hatena.ne.jp,channel4,channel5
240,Estrellita Brinded,Schmeler and Sons,ebrinded6n@sitemeter.com,channel1,channel3
241,Hercule Harroll,Shanahan-Mante,hharroll6o@adobe.com,channel5,channel5
242,Cassie McGeraghty,Larkin-Walsh,cmcgeraghty6p@naver.com,channel2,channel4
243,Fleurette Kirkam,Nitzsche Group,fkirkam6q@nymag.com,channel1,channel5
244,Wallace Kimm,Will-O'Kon,wkimm6r@ow.ly,channel1,channel5
245,Jedidiah Ducarne,Waelchi-Hackett,jducarne6s@meetup.com,channel1,channel3
246,Cody Coatham,"Rempel, Feeney and O'Reilly",ccoatham6t@1688.com,channel2,channel3
247,Shelley Scholes,Douglas-Witting,sscholes6u@sphinn.com,channel5,channel4
248,Burton Niesegen,Schowalter-Greenfelder,bniesegen6v@addthis.com,channel2,channel4
249,Merrie Christofor,Rolfson Group,mchristofor6w@cdbaby.com,channel2,channel2
250,Daria Apple,Bogisich LLC,dapple6x@uiuc.edu,channel5,channel5
251,Dianna MacGiolla,Morar Group,dmacgiolla6y@sphinn.com,channel4,channel1
252,Lewie Leadston,"Haley, Gleichner and Rippin",lleadston6z@macromedia.com,channel4,channel4
253,Anita Pillman,Mayer-Waters,apillman70@globo.com,channel5,channel4
254,Amalita Henstone,Kirlin Inc,ahenstone71@xinhuanet.com,channel2,channel1
255,Nicholle Gapper,Wolf-Auer,ngapper72@youtube.com,channel5,channel4
256,Thibaut Tight,Tremblay-Jaskolski,ttight73@jigsy.com,channel3,channel4
257,Roderich Martyns,Huel-Effertz,rmartyns74@webnode.com,channel3,channel1
258,Jarid Ferentz,Spinka-Collier,jferentz75@dion.ne.jp,channel4,channel1
259,Skipton Cockson,Runte and Sons,scockson76@istockphoto.com,channel4,channel5
260,Wainwright Isakovitch,"Orn, Rempel and Mraz",wisakovitch77@go.com,channel3,channel5
261,Irwin Scollan,Mraz-Crist,iscollan78@goodreads.com,channel5,channel1
262,Bronny O'Brien,Marvin Group,bobrien79@reddit.com,channel4,channel4
263,Vicki Hollows,"Wilkinson, Hills and Champlin",vhollows7a@ning.com,channel1,channel4
264,Dore Dinjes,"Crona, Kutch and Walter",ddinjes7b@merriam-webster.com,channel4,channel5
265,John Thornebarrow,"Grady, Pacocha and Heller",jthornebarrow7c@microsoft.com,channel2,channel1
266,Pacorro Mussetti,Daugherty-Aufderhar,pmussetti7d@dmoz.org,channel3,channel4
267,Ramon Maynell,Crona-Rohan,rmaynell7e@squidoo.com,channel2,channel4
268,Ernie Sweating,Wehner Inc,esweating7f@goodreads.com,channel1,channel1
269,Antoni Eakens,Ratke-McDermott,aeakens7g@ask.com,channel3,channel3
270,Cherilynn Dumpleton,"Schinner, Dietrich and Hand",cdumpleton7h@wiley.com,channel5,channel2
271,Louisette Weond,Feest and Sons,lweond7i@lycos.com,channel2,channel1
272,Starr Gresser,"Huels, Labadie and Buckridge",sgresser7j@bandcamp.com,channel2,channel3
273,Elwood Gorler,Romaguera-Buckridge,egorler7k@dyndns.org,channel4,channel1
274,Holden Wyllcock,"Kirlin, Predovic and Moen",hwyllcock7l@earthlink.net,channel1,channel1
275,Thaddeus Yare,Lebsack-Bernier,tyare7m@weather.com,channel1,channel4
276,Mariette Welham,"Skiles, Abbott and Hodkiewicz",mwelham7n@ihg.com,channel4,channel2
277,Caresa Turbill,"Brekke, Kuhic and Kilback",cturbill7o@instagram.com,channel1,channel1
278,Cynthy Bogey,Langworth LLC,cbogey7p@usgs.gov,channel5,channel1
279,Rey Greeding,Walsh and Sons,rgreeding7q@wordpress.org,channel4,channel4
280,Sollie Hanselman,Shanahan Inc,shanselman7r@redcross.org,channel5,channel4
281,Hendrika Cella,Runolfsson-Jacobs,hcella7s@house.gov,channel2,channel3
282,Hildagarde Rainbird,"Harvey, Moore and Marquardt",hrainbird7t@gov.uk,channel1,channel2
283,Averill Dinnington,Mueller Group,adinnington7u@51.la,channel2,channel1
284,Fanechka Woehler,Dietrich-Metz,fwoehler7v@nsw.gov.au,channel4,channel3
285,Maryjo Daniele,Hoeger-Dickinson,mdaniele7w@seesaa.net,channel3,channel3
286,Shannen Greeve,Kertzmann-Breitenberg,sgreeve7x@weibo.com,channel5,channel2
287,Rhetta Christin,Schamberger-Sipes,rchristin7y@pbs.org,channel5,channel1
288,Jordana Edlington,Labadie and Sons,jedlington7z@earthlink.net,channel3,channel5
289,Prent Curd,"Thiel, Reichel and Shanahan",pcurd80@cmu.edu,channel4,channel4
290,Corina Perryman,"Hackett, Stracke and Dare",cperryman81@4shared.com,channel3,channel3
291,Brianna Kinder,"Gottlieb, Kertzmann and Pfannerstill",bkinder82@dailymail.co.uk,channel5,channel3
292,Tybie Hearson,Dietrich-Runte,thearson83@fda.gov,channel4,channel2
293,Marena Richarz,Corkery LLC,mricharz84@washingtonpost.com,channel4,channel5
294,Norina Demke,Wisoky-Raynor,ndemke85@baidu.com,channel5,channel1
295,Ike Nuemann,Bayer and Sons,inuemann86@ameblo.jp,channel2,channel4
296,Alistair Petruk,O'Keefe LLC,apetruk87@ow.ly,channel1,channel5
297,Cynthia Lofthouse,"Bednar, Hagenes and Murphy",clofthouse88@un.org,channel2,channel5
298,Wolfie Simons,Harber-Mills,wsimons89@tinypic.com,channel2,channel5
299,Dael Josefer,Wuckert LLC,djosefer8a@umn.edu,channel3,channel4
300,Dreddy Girault,"Reinger, Hackett and Torp",dgirault8b@independent.co.uk,channel5,channel2
301,Englebert Larmett,"Cormier, Hermann and Raynor",elarmett8c@issuu.com,channel2,channel4
302,Celesta Barrowcliffe,Kirlin-Graham,cbarrowcliffe8d@ox.ac.uk,channel2,channel2
303,Hewett Spinnace,Steuber-Schulist,hspinnace8e@i2i.jp,channel4,channel2
304,Greg Bediss,"Pfannerstill, Casper and Bayer",gbediss8f@jimdo.com,channel1,channel1
305,Feliks Hartzenberg,"Green, Schultz and Konopelski",fhartzenberg8g@fda.gov,channel2,channel5
306,Esta Menghi,"Mayert, Graham and Morissette",emenghi8h@blogger.com,channel1,channel1
307,Florida Anthon,Bergnaum-Adams,fanthon8i@live.com,channel5,channel4
308,Rolland Joyes,Schneider-Ortiz,rjoyes8j@slate.com,channel5,channel5
309,Eran Ewins,Hermann LLC,eewins8k@cornell.edu,channel3,channel4
310,Corrie Tippetts,Dooley-Hane,ctippetts8l@guardian.co.uk,channel5,channel4
311,Fowler Daout,Schowalter LLC,fdaout8m@hostgator.com,channel4,channel5
312,Ailbert Bruneton,Bashirian-Carter,abruneton8n@yandex.ru,channel2,channel2
313,Sib Vanyushkin,Swaniawski LLC,svanyushkin8o@independent.co.uk,channel5,channel1
314,Adolphus Hewertson,Pacocha and Sons,ahewertson8p@archive.org,channel5,channel5
315,Raff Aldus,Witting-Schaefer,raldus8q@liveinternet.ru,channel2,channel2
316,Shandie Itzhak,Jacobs-Pouros,sitzhak8r@nih.gov,channel5,channel1
317,Johanna Auger,"Keebler, Ziemann and Ratke",jauger8s@msn.com,channel5,channel2
318,Corrina Sterricker,"Tremblay, Schmidt and Goodwin",csterricker8t@nymag.com,channel5,channel4
319,Jacques Drewett,Dickens LLC,jdrewett8u@slate.com,channel4,channel1
320,Whitney Hyams,Kerluke Inc,whyams8v@sourceforge.net,channel1,channel4
321,Jared Coetzee,Torphy Group,jcoetzee8w@whitehouse.gov,channel2,channel4
322,Arlan Outright,"Schmeler, Schultz and Kautzer",aoutright8x@gmpg.org,channel1,channel2
323,Crin Gason,D'Amore Group,cgason8y@kickstarter.com,channel1,channel4
324,Saundra Ramsey,Dicki-Jones,sramsey8z@skype.com,channel1,channel3
325,Dyan Lantiff,Huel Inc,dlantiff90@examiner.com,channel3,channel3
326,Mercedes Aubry,Bashirian Group,maubry91@blogs.com,channel3,channel3
327,Jolee Matelyunas,"Dietrich, Berge and Rath",jmatelyunas92@state.tx.us,channel5,channel3
328,Orville Pieper,Kohler-Kuhn,opieper93@squidoo.com,channel5,channel5
329,Algernon Morigan,"Mayert, Pfannerstill and Goldner",amorigan94@wp.com,channel5,channel5
330,Annabelle Trevaskiss,"Schmitt, Balistreri and Rutherford",atrevaskiss95@deliciousdays.com,channel5,channel3
331,Wolf Crichton,"Feeney, Schamberger and Walter",wcrichton96@netvibes.com,channel3,channel5
332,Carla Crowne,Dare Inc,ccrowne97@twitter.com,channel5,channel5
333,Vita Denny,"Schamberger, Moen and Murazik",vdenny98@slashdot.org,channel5,channel4
334,Goddard Dewey,Kulas and Sons,gdewey99@webeden.co.uk,channel4,channel4
335,Cointon Anlay,Fritsch Inc,canlay9a@nbcnews.com,channel4,channel4
336,Kinny Frill,Cummings Inc,kfrill9b@comcast.net,channel5,channel2
337,Andres Gerant,Larkin and Sons,agerant9c@de.vu,channel4,channel2
338,Somerset Griffin,Welch Group,sgriffin9d@cnbc.com,channel2,channel2
339,Bart Legendre,"Toy, Robel and Runolfsdottir",blegendre9e@timesonline.co.uk,channel2,channel3
340,Birgit Sanchis,Klocko and Sons,bsanchis9f@flavors.me,channel5,channel1
341,Winston Ephson,Aufderhar-Labadie,wephson9g@wordpress.com,channel4,channel5
342,Michelina Wanek,"Zulauf, Prosacco and Stark",mwanek9h@mysql.com,channel2,channel2
343,Jorge Seleway,Tremblay-Ullrich,jseleway9i@cnet.com,channel2,channel4
344,Kingsley Kynston,Cartwright-Kiehn,kkynston9j@tamu.edu,channel3,channel2
345,Anderson Whittleton,Turner LLC,awhittleton9k@exblog.jp,channel4,channel2
346,Daile Whiteson,Kuphal and Sons,dwhiteson9l@apache.org,channel2,channel4
347,Georgeanne Whitehurst,Pacocha Inc,gwhitehurst9m@hatena.ne.jp,channel2,channel5
348,Glynda Boskell,Lind-Olson,gboskell9n@marriott.com,channel1,channel4
349,Ulrich Sulley,Hackett Group,usulley9o@blinklist.com,channel3,channel5
350,Brynne Harman,Von-Towne,bharman9p@java.com,channel5,channel1
351,Alikee Chadbourn,Volkman-Cummings,achadbourn9q@xing.com,channel5,channel1
352,Rhea Dimbylow,Wyman-Mante,rdimbylow9r@icq.com,channel1,channel2
353,Laurice Tassaker,"Raynor, Luettgen and Thiel",ltassaker9s@dropbox.com,channel3,channel5
354,Ingrim Bartozzi,Buckridge-Steuber,ibartozzi9t@yahoo.co.jp,channel4,channel5
355,Kerri Wellard,Kirlin Group,kwellard9u@vistaprint.com,channel4,channel1
356,Bent Bayly,Spencer Group,bbayly9v@toplist.cz,channel1,channel5
357,Piggy Marklow,Lakin Group,pmarklow9w@chicagotribune.com,channel1,channel1
358,Ailsun Heinl,McKenzie-Prohaska,aheinl9x@gov.uk,channel1,channel1
359,Erhard Jacquet,"Satterfield, Cremin and Hickle",ejacquet9y@chron.com,channel5,channel5
360,Darrin Spirritt,"Grant, Kunde and Weimann",dspirritt9z@virginia.edu,channel4,channel3
361,Bernadene Planke,"Welch, Cole and Thiel",bplankea0@irs.gov,channel5,channel2
362,Corie Learie,Hansen Group,cleariea1@dedecms.com,channel4,channel1
363,Clarey Arkwright,"Prohaska, Torphy and Okuneva",carkwrighta2@newsvine.com,channel1,channel2
364,Riccardo Fireman,Halvorson-Reilly,rfiremana3@ehow.com,channel2,channel1
365,Muriel Howton,"Mante, Schmidt and Reinger",mhowtona4@google.de,channel3,channel5
366,Simone Duggon,"Skiles, Dare and Schmidt",sduggona5@behance.net,channel2,channel3
367,Babara Duggleby,"Corkery, Robel and Daugherty",bdugglebya6@about.com,channel1,channel5
368,Jorrie Marquis,"Weber, Padberg and Kutch",jmarquisa7@state.tx.us,channel5,channel5
369,Upton Croan,Jaskolski-Murray,ucroana8@ehow.com,channel1,channel5
370,Griffy Noor,Adams Group,gnoora9@japanpost.jp,channel2,channel4
371,Steward Belli,"Hilll, Romaguera and Marvin",sbelliaa@mozilla.org,channel3,channel1
372,Iver Tacey,"Sawayn, Wilderman and Stracke",itaceyab@jugem.jp,channel3,channel4
373,Bo Boddy,"Emmerich, Rohan and Conn",bboddyac@theglobeandmail.com,channel2,channel1
374,Georgianne Casari,"Frami, Adams and Reinger",gcasariad@ox.ac.uk,channel2,channel3
375,Keven Tuberfield,"Lockman, Klein and Harvey",ktuberfieldae@addthis.com,channel2,channel5
376,Angelia Davidi,Weimann LLC,adavidiaf@amazonaws.com,channel2,channel2
377,Coleen Weyland,"Ondricka, Boyle and O'Kon",cweylandag@techcrunch.com,channel5,channel3
378,Angele Avrahm,"Powlowski, Okuneva and Moore",aavrahmah@wordpress.org,channel4,channel2
379,Raimund Gudgion,Cummings and Sons,rgudgionai@rambler.ru,channel5,channel2
380,Annmaria Phelip,"Spinka, Gleason and Hegmann",aphelipaj@google.it,channel2,channel3
381,Leisha Leckie,Goyette Inc,lleckieak@facebook.com,channel4,channel3
382,Osmund Gonzalo,Haag-Schroeder,ogonzaloal@acquirethisname.com,channel5,channel1
383,Chuck Dendle,"Schroeder, Witting and Mueller",cdendleam@hugedomains.com,channel5,channel5
384,Clarette Darey,Rohan-Cummerata,cdareyan@liveinternet.ru,channel3,channel1
385,Trueman Meir,"Kutch, Murphy and Fahey",tmeirao@narod.ru,channel3,channel5
386,Hillier Gimbart,"Kub, Nitzsche and Kiehn",hgimbartap@cornell.edu,channel2,channel1
387,Odelle Avrahamoff,"Shanahan, Runte and Carter",oavrahamoffaq@aboutads.info,channel2,channel3
388,Clemmy Chappelle,Wiza-Stanton,cchappellear@vinaora.com,channel1,channel4
389,Marietta Fawlks,Breitenberg and Sons,mfawlksas@cornell.edu,channel2,channel3
390,Darrin Tovey,Kuhn and Sons,dtoveyat@yelp.com,channel3,channel2
391,Nessi Biffin,"Zieme, Gerlach and Runte",nbiffinau@bloomberg.com,channel1,channel5
392,Trip Greenroyd,Schoen Group,tgreenroydav@theguardian.com,channel4,channel3
393,Cosetta Mart,Legros-Mayer,cmartaw@amazon.co.jp,channel5,channel3
394,Avrom Tumilty,Marquardt-Champlin,atumiltyax@wix.com,channel2,channel3
395,Jonathan Wildgoose,"Ryan, Hane and Hoppe",jwildgooseay@bloglovin.com,channel2,channel1
396,Lew Smead,"Weimann, Homenick and Koelpin",lsmeadaz@samsung.com,channel4,channel5
397,Carissa May,"Senger, Bosco and Tromp",cmayb0@networksolutions.com,channel4,channel1
398,Wilie Barnaby,"Dare, Turner and Hessel",wbarnabyb1@miitbeian.gov.cn,channel4,channel3
399,Gaye Prayer,Doyle-Franecki,gprayerb2@hhs.gov,channel4,channel5
400,Daron Origin,Emmerich-Effertz,doriginb3@vinaora.com,channel1,channel4
401,Trisha Byers,"Gottlieb, Medhurst and Franecki",tbyersb4@youku.com,channel1,channel3
402,Janna Granger,"Rice, Senger and Stokes",jgrangerb5@dmoz.org,channel2,channel4
403,Pammi Wayper,"Willms, McDermott and Cummerata",pwayperb6@php.net,channel4,channel3
404,Gardiner Hildrew,"Braun, Hartmann and Schuppe",ghildrewb7@twitpic.com,channel3,channel5
405,Trumann Toone,Hayes LLC,ttooneb8@creativecommons.org,channel4,channel2
406,Berrie Eltringham,Hansen-Borer,beltringhamb9@elpais.com,channel4,channel4
407,Olimpia Reven,"Keeling, Jerde and Crona",orevenba@si.edu,channel2,channel5
408,Leola Teulier,Tromp-Robel,lteulierbb@facebook.com,channel5,channel3
409,Merline Essex,"Christiansen, Kuphal and Smith",messexbc@linkedin.com,channel2,channel2
410,Nari Prestner,"Glover, D'Amore and Prohaska",nprestnerbd@wired.com,channel1,channel3
411,Alie Tattersdill,Feest LLC,atattersdillbe@goo.ne.jp,channel1,channel5
412,Boigie Loxdale,Nitzsche-Watsica,bloxdalebf@homestead.com,channel3,channel2
413,Yasmeen Whittuck,O'Connell-Terry,ywhittuckbg@aol.com,channel3,channel2
414,Charil Cunnell,Schinner-Abshire,ccunnellbh@usnews.com,channel2,channel1
415,Adam Girardey,Kunze-Brown,agirardeybi@g.co,channel4,channel4
416,Trixie Cranidge,Weber-Howell,tcranidgebj@skype.com,channel3,channel4
417,Charlena Nevill,Leffler and Sons,cnevillbk@hostgator.com,channel4,channel3
418,Ambur Bassil,Tremblay-Shields,abassilbl@dailymotion.com,channel4,channel2
419,Lynnett Papaminas,Bins LLC,lpapaminasbm@arstechnica.com,channel2,channel4
420,Kelci Duce,"Feest, Lind and Moen",kducebn@scribd.com,channel4,channel5
421,Laurie Podbury,Braun-Armstrong,lpodburybo@usa.gov,channel3,channel2
422,Darsie Grimsdyke,"Buckridge, Boehm and Torp",dgrimsdykebp@slashdot.org,channel5,channel5
423,Julita Quartermain,Rohan-Morissette,jquartermainbq@scribd.com,channel2,channel3
424,Joaquin Andrea,Schimmel and Sons,jandreabr@dmoz.org,channel4,channel5
425,Kathryne McAndie,Koch-Trantow,kmcandiebs@slashdot.org,channel4,channel2
426,Harp MacBey,"Gorczany, Smitham and Skiles",hmacbeybt@nationalgeographic.com,channel4,channel4
427,Chance Monaghan,Marquardt and Sons,cmonaghanbu@cnet.com,channel1,channel4
428,Shawnee Cutchee,Hagenes and Sons,scutcheebv@t.co,channel5,channel5
429,Seymour McMonies,Kiehn and Sons,smcmoniesbw@narod.ru,channel3,channel2
430,Emilio Dmtrovic,Waters Inc,edmtrovicbx@free.fr,channel2,channel3
431,Wilfrid Hothersall,"Hamill, Hagenes and Robel",whothersallby@tinyurl.com,channel4,channel2
432,Gonzalo Atkirk,"Legros, Doyle and Reinger",gatkirkbz@ox.ac.uk,channel4,channel2
433,Koenraad Aberhart,Streich Inc,kaberhartc0@harvard.edu,channel4,channel3
434,Irma Renfield,Beatty-Casper,irenfieldc1@oaic.gov.au,channel5,channel3
435,Enrica Oloman,"Feeney, Considine and Gerhold",eolomanc2@youtu.be,channel4,channel1
436,Demetrius Spellesy,Satterfield-Hamill,dspellesyc3@vk.com,channel4,channel5
437,Ariel Foltin,Wunsch LLC,afoltinc4@ftc.gov,channel3,channel4
438,Monroe Beevors,"Abernathy, Cartwright and Ratke",mbeevorsc5@yahoo.co.jp,channel2,channel3
439,Alejandrina Stripp,Macejkovic-Wisozk,astrippc6@cloudflare.com,channel1,channel5
440,Chiarra Hunnicutt,"Weber, Smitham and Zboncak",chunnicuttc7@twitter.com,channel4,channel3
441,Henrieta Billington,"MacGyver, Gutmann and Rau",hbillingtonc8@shop-pro.jp,channel4,channel5
442,Emmalee Olijve,Rolfson-Pfannerstill,eolijvec9@google.co.uk,channel5,channel3
443,Westbrooke Myrtle,Bernier Inc,wmyrtleca@google.co.uk,channel1,channel3
444,Glynis Schach,Koch Inc,gschachcb@over-blog.com,channel5,channel3
445,Norman Mintram,Abbott Group,nmintramcc@acquirethisname.com,channel5,channel2
446,Sandie Gawthrope,Konopelski-Kuphal,sgawthropecd@dedecms.com,channel4,channel2
447,Amity Leeb,Lindgren-Abbott,aleebce@ocn.ne.jp,channel2,channel3
448,Leland Byllam,Wilkinson-Mosciski,lbyllamcf@guardian.co.uk,channel4,channel2
449,Erroll Kayley,Emmerich LLC,ekayleycg@go.com,channel2,channel2
450,Amalle Munday,Walter LLC,amundaych@lulu.com,channel5,channel5
451,Elihu Moubray,Walter Inc,emoubrayci@army.mil,channel5,channel3
452,Koralle Thamelt,Grady Group,kthameltcj@biglobe.ne.jp,channel5,channel3
453,Northrop Needs,"Crooks, Franecki and O'Reilly",nneedsck@stumbleupon.com,channel4,channel3
454,Charlena Savidge,"Fay, Fisher and Grady",csavidgecl@google.com.br,channel5,channel3
455,Paddie Gammack,"Heidenreich, Bauch and DuBuque",pgammackcm@walmart.com,channel5,channel3
456,Northrup Steffan,"Batz, Casper and Jast",nsteffancn@mashable.com,channel2,channel1
457,Jehu Chaperling,Schmidt-Howe,jchaperlingco@va.gov,channel3,channel2
458,Donnell Laffan,Donnelly Inc,dlaffancp@jugem.jp,channel4,channel4
459,Gallard Pyser,Kuvalis-Windler,gpysercq@a8.net,channel4,channel2
460,Gwen Blonden,"Botsford, Breitenberg and Block",gblondencr@themeforest.net,channel4,channel2
461,Granville Du Plantier,Schuster-Huels,gducs@tmall.com,channel4,channel1
462,Guillema Siggery,Barton-Mills,gsiggeryct@behance.net,channel4,channel3
463,Florencia Haps,Conn-Daniel,fhapscu@privacy.gov.au,channel4,channel1
464,Mano Vreede,Turner-Boehm,mvreedecv@arizona.edu,channel3,channel3
465,Constantia Fronek,Sauer Inc,cfronekcw@google.co.jp,channel3,channel4
466,Leigha Voelker,"Bahringer, Jacobson and Schamberger",lvoelkercx@friendfeed.com,channel5,channel1
467,Ahmad Gareisr,"Littel, Witting and Frami",agareisrcy@latimes.com,channel1,channel3
468,Kris Marven,Schaden-Schimmel,kmarvencz@arstechnica.com,channel5,channel4
469,Lilllie Beaby,Wehner and Sons,lbeabyd0@addtoany.com,channel2,channel5
470,Morissa Mathewson,Reinger LLC,mmathewsond1@istockphoto.com,channel5,channel2
471,Kristoffer Skipsea,"Lowe, Ritchie and Casper",kskipsead2@blogtalkradio.com,channel2,channel3
472,Karry Clara,Mosciski-D'Amore,kclarad3@google.com.au,channel3,channel3
473,Brunhilde Dark,"Wiegand, Macejkovic and Jacobs",bdarkd4@blog.com,channel5,channel1
474,Bab Twaite,"Morissette, Bartell and Brekke",btwaited5@blinklist.com,channel2,channel5
475,Tabor Gildersleaves,"Lowe, Marquardt and Sanford",tgildersleavesd6@i2i.jp,channel1,channel3
476,Morgan Madge,Stark-Auer,mmadged7@hp.com,channel2,channel2
477,Joy Delepine,"Lueilwitz, Weimann and Denesik",jdelepined8@rakuten.co.jp,channel5,channel4
478,Dyana Cottier,Hamill Group,dcottierd9@forbes.com,channel3,channel3
479,Maxy Ketteringham,Mitchell-Maggio,mketteringhamda@sina.com.cn,channel2,channel4
480,Bill Ubsdell,Heidenreich-Sanford,bubsdelldb@studiopress.com,channel1,channel4
481,Juli Pinchon,Cummings-Jakubowski,jpinchondc@blogs.com,channel5,channel3
482,Marian Perham,"Lowe, Raynor and Ritchie",mperhamdd@ftc.gov,channel3,channel5
483,Shepperd Godbolt,Hudson-Turcotte,sgodboltde@fotki.com,channel1,channel2
484,Belita Rumsby,Hettinger-Lebsack,brumsbydf@artisteer.com,channel5,channel2
485,Maisie Sowrey,Reichert Group,msowreydg@wsj.com,channel2,channel4
486,Myrlene Tapsfield,"Bosco, Kub and Bailey",mtapsfielddh@ustream.tv,channel3,channel4
487,Geoffry Hollyard,Rutherford-Pfeffer,ghollyarddi@bloglovin.com,channel3,channel2
488,Godard Lovemore,Armstrong-Sauer,glovemoredj@tiny.cc,channel2,channel1
489,Goldarina O'Neal,Kemmer-Cummerata,gonealdk@youku.com,channel2,channel3
490,Onfre Maddrah,Stehr and Sons,omaddrahdl@weather.com,channel2,channel1
491,Salim Bloggett,Lynch-Lakin,sbloggettdm@hostgator.com,channel3,channel2
492,Carmina McFetrich,"Herman, Dicki and Nader",cmcfetrichdn@tinypic.com,channel2,channel5
493,Benedetto Snepp,Goldner-Purdy,bsneppdo@pen.io,channel5,channel1
494,Genna Cordrey,Stamm Inc,gcordreydp@geocities.jp,channel4,channel1
495,Austin Please,"Stokes, Pagac and Botsford",apleasedq@cornell.edu,channel3,channel5
496,Caralie Carlisle,"Kiehn, Mayer and Will",ccarlisledr@people.com.cn,channel2,channel1
497,Tris Prue,Collins and Sons,tprueds@google.ru,channel1,channel1
498,Paulo Musso,Hickle Group,pmussodt@dion.ne.jp,channel4,channel1
499,Scotty Reijmers,Schimmel-Schowalter,sreijmersdu@canalblog.com,channel2,channel2
500,Emilee Eplett,O'Kon and Sons,eeplettdv@lulu.com,channel5,channel3
